RNA,DNA,pos,score
A,G,1,0.86
A,G,2,0.79
A,G,3,0.43
A,G,4,0.35
A,G,5,0.5
A,G,6,0.45
A,G,7,0.44
A,G,8,0.43
A,G,9,0.57
A,G,10,0.33
A,G,11,0.4
A,G,12,0.26
A,G,13,0.21
A,G,14,0.21
A,G,15,0.27
A,G,16,0
A,G,17,0.18
A,G,18,0.19
A,G,19,0.21
A,G,20,0.23
A,C,1,1
A,C,2,0.8
A,C,3,0.61
A,C,4,0.63
A,C,5,0.72
A,C,6,0.71
A,C,7,0.71
A,C,8,0.73
A,C,9,0.67
A,C,10,0.56
A,C,11,0.65
A,C,12,0.72
A,C,13,0.65
A,C,14,0.47
A,C,15,0.65
A,C,16,0.19
A,C,17,0.18
A,C,18,0.4
A,C,19,0.38
A,C,20,0.76
A,A,1,1
A,A,2,0.73
A,A,3,0.71
A,A,4,0.64
A,A,5,0.36
A,A,6,0.71
A,A,7,0.44
A,A,8,0.43
A,A,9,0.6
A,A,10,0.88
A,A,11,0.31
A,A,12,0.33
A,A,13,0.3
A,A,14,0.53
A,A,15,0.2
A,A,16,0
A,A,17,0.13
A,A,18,0.5
A,A,19,0.54
A,A,20,0.6
C,T,1,1
C,T,2,0.73
C,T,3,0.87
C,T,4,0.84
C,T,5,0.57
C,T,6,0.93
C,T,7,0.75
C,T,8,0.65
C,T,9,0.86
C,T,10,0.87
C,T,11,0.75
C,T,12,0.71
C,T,13,0.38
C,T,14,0.35
C,T,15,0.22
C,T,16,1
C,T,17,0.47
C,T,18,0.54
C,T,19,0.43
C,T,20,0.5
C,C,1,0.91
C,C,2,0.7
C,C,3,0.5
C,C,4,0.5
C,C,5,0.6
C,C,6,0.5
C,C,7,0.47
C,C,8,0.64
C,C,9,0.62
C,C,10,0.39
C,C,11,0.25
C,C,12,0.44
C,C,13,0.14
C,C,14,0
C,C,15,0.05
C,C,16,0.15
C,C,17,0.06
C,C,18,0.13
C,C,19,0.13
C,C,20,0.06
C,A,1,1
C,A,2,0.91
C,A,3,0.69
C,A,4,0.8
C,A,5,0.64
C,A,6,0.93
C,A,7,0.81
C,A,8,0.88
C,A,9,0.88
C,A,10,0.94
C,A,11,0.31
C,A,12,0.54
C,A,13,0.7
C,A,14,0.73
C,A,15,0.07
C,A,16,0.31
C,A,17,0.47
C,A,18,0.64
C,A,19,0.46
C,A,20,0.3
G,T,1,0.9
G,T,2,0.85
G,T,3,0.75
G,T,4,0.9
G,T,5,0.87
G,T,6,1
G,T,7,1
G,T,8,1
G,T,9,0.64
G,T,10,0.93
G,T,11,1
G,T,12,0.93
G,T,13,0.92
G,T,14,0.75
G,T,15,0.94
G,T,16,1
G,T,17,0.93
G,T,18,0.69
G,T,19,0.71
G,T,20,0.94
G,G,1,0.71
G,G,2,0.69
G,G,3,0.38
G,G,4,0.53
G,G,5,0.79
G,G,6,0.68
G,G,7,0.69
G,G,8,0.62
G,G,9,0.54
G,G,10,0.4
G,G,11,0.43
G,G,12,0.53
G,G,13,0.42
G,G,14,0.43
G,G,15,0.27
G,G,16,0
G,G,17,0.24
G,G,18,0.48
G,G,19,0.45
G,G,20,0.43
G,A,1,1
G,A,2,0.64
G,A,3,0.5
G,A,4,0.36
G,A,5,0.3
G,A,6,0.67
G,A,7,0.57
G,A,8,0.63
G,A,9,0.53
G,A,10,0.81
G,A,11,0.38
G,A,12,0.38
G,A,13,0.3
G,A,14,0.27
G,A,15,0.14
G,A,16,0
G,A,17,0.25
G,A,18,0.67
G,A,19,0.67
G,A,20,0.7
T,T,1,1
T,T,2,0.85
T,T,3,0.71
T,T,4,0.48
T,T,5,0.5
T,T,6,0.87
T,T,7,0.88
T,T,8,0.8
T,T,9,0.93
T,T,10,0.86
T,T,11,0.75
T,T,12,0.8
T,T,13,0.69
T,T,14,0.62
T,T,15,0.58
T,T,16,0.91
T,T,17,0.53
T,T,18,0.67
T,T,19,0.29
T,T,20,0.56
T,G,1,0.86
T,G,2,0.86
T,G,3,0.43
T,G,4,0.65
T,G,5,1
T,G,6,0.91
T,G,7,0.69
T,G,8,1
T,G,9,0.92
T,G,10,0.53
T,G,11,0.67
T,G,12,0.95
T,G,13,0.79
T,G,14,0.29
T,G,15,0.27
T,G,16,0.67
T,G,17,0.71
T,G,18,0.43
T,G,19,0.28
T,G,20,0.09
T,C,1,0.96
T,C,2,0.84
T,C,3,0.5
T,C,4,0.63
T,C,5,0.64
T,C,6,0.57
T,C,7,0.59
T,C,8,0.73
T,C,9,0.62
T,C,10,0.5
T,C,11,0.4
T,C,12,0.5
T,C,13,0.26
T,C,14,0
T,C,15,0.05
T,C,16,0.35
T,C,17,0.12
T,C,18,0.33
T,C,19,0.25
T,C,20,0.18
-,A,2,0.69
-,A,3,0.44
-,A,4,0.15
-,A,5,0.13
-,A,6,0.07
-,A,7,0
-,A,8,0
-,A,9,0.14
-,A,10,0.4
-,A,11,0.31
-,A,12,0.07
-,A,13,0.08
-,A,14,0.05
-,A,15,0.05
-,A,16,0
-,A,17,0
-,A,18,0.15
-,A,19,0.14
-,A,20,0.6
-,C,2,0.71
-,C,3,0.46
-,C,4,0.18
-,C,5,0.07
-,C,6,0
-,C,7,0
-,C,8,0
-,C,9,0
-,C,10,0.13
-,C,11,0.13
-,C,12,0
-,C,13,0
-,C,14,0
-,C,15,0
-,C,16,0
-,C,17,0.06
-,C,18,0.14
-,C,19,0.04
-,C,20,0.05
-,T,2,0.73
-,T,3,0.6
-,T,4,0.1
-,T,5,0
-,T,6,0.08
-,T,7,0
-,T,8,0.06
-,T,9,0.19
-,T,10,0.25
-,T,11,0.08
-,T,12,0.08
-,T,13,0
-,T,14,0
-,T,15,0
-,T,16,0
-,T,17,0
-,T,18,0
-,T,19,0.31
-,T,20,0.6
-,G,2,0.96
-,G,3,0.67
-,G,4,0.38
-,G,5,0.24
-,G,6,0.14
-,G,7,0.06
-,G,8,0.13
-,G,9,0.24
-,G,10,0.33
-,G,11,0.1
-,G,12,0.06
-,G,13,0.04
-,G,14,0
-,G,15,0
-,G,16,0
-,G,17,0
-,G,18,0.2
-,G,19,0.44
-,G,20,0.53
A,-,2,0.97
A,-,3,0.89
A,-,4,0.58
A,-,5,0.33
A,-,6,0.28
A,-,7,0.43
A,-,8,0.23
A,-,9,0.28
A,-,10,0.57
A,-,11,0.28
A,-,12,0.06
A,-,13,0.03
A,-,14,0.05
A,-,15,0.03
A,-,16,0.02
A,-,17,0
A,-,18,0
A,-,19,0
A,-,20,0.06
C,-,2,0.97
C,-,3,0.93
C,-,4,0.68
C,-,5,0.37
C,-,6,0.44
C,-,7,0.57
C,-,8,0.12
C,-,9,0.42
C,-,10,0.62
C,-,11,0.17
C,-,12,0.05
C,-,13,0
C,-,14,0.05
C,-,15,0
C,-,16,0
C,-,17,0
C,-,18,0
C,-,19,0
C,-,20,0.03
T,-,2,0.95
T,-,3,0.92
T,-,4,0.66
T,-,5,0.22
T,-,6,0.45
T,-,7,0.55
T,-,8,0.3
T,-,9,0.61
T,-,10,0.65
T,-,11,0.32
T,-,12,0.03
T,-,13,0
T,-,14,0.06
T,-,15,0
T,-,16,0
T,-,17,0
T,-,18,0
T,-,19,0
T,-,20,0
G,-,2,0.92
G,-,3,0.82
G,-,4,0.52
G,-,5,0.3
G,-,6,0.39
G,-,7,0.49
G,-,8,0.3
G,-,9,0.33
G,-,10,0.59
G,-,11,0.25
G,-,12,0.13
G,-,13,0.05
G,-,14,0.06
G,-,15,0
G,-,16,0
G,-,17,0
G,-,18,0
G,-,19,0.06
G,-,20,0.09
GG,AA,22,0.00
GG,AC,22,0.00
GG,AG,22,0.26
GG,AT,22,0.00
GG,CA,22,0.00
GG,CC,22,0.00
GG,CG,22,0.11
GG,CT,22,0.00
GG,GA,22,0.07
GG,GC,22,0.02
GG,GG,22,1.00
GG,GT,22,0.02
GG,TA,22,0.00
GG,TC,22,0.00
GG,TG,22,0.04
GG,TT,22,0.00
GG,A-,22,0.00
GG,C-,22,0.00
GG,G-,22,0.00
GG,T-,22,0.00
GG,-A,22,0.00
GG,-C,22,0.00
GG,-G,22,0.00
GG,-T,22,0.00
